<?xml version="1.0" encoding="UTF-8"?>
<jobs xmlns="http://www.demandware.com/xml/impex/jobs/2015-07-01">
    <job job-id="Cloudinary - Initial upload of product assets" priority="0">
        <description>The job to upload product assets from SFCC to Cloudinary.</description>
        <parameters/>
        <flow>
            <context site-id="RefArch"/>
            <step step-id="UploadProductLargeImages" type="custom.cloudinary.UploadProductAssets" enforce-restart="false">
                <description>This step is responsible to upload products large images.</description>
                <parameters>
                    <parameter name="CLDAssetRenameReportEmail"></parameter>
                    <parameter name="CLDNumberOfAssets">20</parameter>
                    <parameter name="CLDJobExecutionMode">Debug</parameter>
                    <parameter name="CLDSyncMode">FULL</parameter>
                    <parameter name="CLDViewType">large</parameter>
                    <parameter name="Disabled">false</parameter>
                </parameters>
            </step>
            <step step-id="UploadProductSwatchImages" type="custom.cloudinary.UploadProductAssets" enforce-restart="false">
                <description>This step is responsible to upload products swatch images.</description>
                <parameters>
                    <parameter name="CLDAssetRenameReportEmail"></parameter>
                    <parameter name="CLDNumberOfAssets">20</parameter>
                    <parameter name="CLDJobExecutionMode">Debug</parameter>
                    <parameter name="CLDSyncMode">FULL</parameter>
                    <parameter name="CLDViewType">swatch</parameter>
                    <parameter name="Disabled">false</parameter>
                </parameters>
            </step>
        </flow>
        <rules/>
        <triggers>
            <run-once enabled="false">
                <date>2020-01-06Z</date>
                <time>19:28:25.000Z</time>
            </run-once>
        </triggers>
    </job>

    <job job-id="Cloudinary - Initial upload of catalog assets" priority="0">
        <description>The job to upload catalog assets from SFCC to Cloudinary.</description>
        <parameters/>
        <flow>
            <context site-id="RefArch"/>
            <step step-id="UploadCatalogAssets" type="custom.cloudinary.UploadCatalogAssets" enforce-restart="false">
                <description>This step is responsible to upload catalog assets.</description>
                <parameters>
                    <parameter name="CLDNumberOfAssets">20</parameter>
                    <parameter name="CLDJobExecutionMode">Prod</parameter>
                    <parameter name="CLDSyncMode">FULL</parameter>
                    <parameter name="Disabled">false</parameter>
                </parameters>
            </step>
        </flow>
        <rules/>
        <triggers>
            <run-once enabled="false">
                <date>2020-01-13Z</date>
                <time>19:28:25.000Z</time>
            </run-once>
        </triggers>
    </job>

    <job job-id="Cloudinary - Delta Upload catalog assets" priority="0">
        <description>The job to upload recently changed catalog assets from SFCC to Cloudinary.</description>
        <parameters/>
        <flow>
            <context site-id="RefArch"/>
            <step step-id="UploadCatalogAssets" type="custom.cloudinary.UploadCatalogAssets" enforce-restart="false">
                <description>The step is resposible to upload catalog assets which have recently changed.</description>
                <parameters>
                    <parameter name="CLDNumberOfAssets">20</parameter>
                    <parameter name="CLDJobExecutionMode">Debug</parameter>
                    <parameter name="CLDSyncMode">DELTA</parameter>
                    <parameter name="Disabled">false</parameter>
                </parameters>
            </step>
        </flow>
        <rules/>
        <triggers>
            <run-once enabled="false">
                <date>2020-01-13Z</date>
                <time>19:28:25.000Z</time>
            </run-once>
        </triggers>
    </job>

    <job job-id="Cloudinary - Initial upload of content library assets" priority="0">
        <description>The job to upload content library asset files from SFCC to Cloudinary.</description>
        <parameters/>
        <flow>
            <context site-id="RefArch"/>
            <step step-id="UploadContentLibraryAssets" type="custom.cloudinary.UploadContentLibraryAssets" enforce-restart="false">
                <description>This step is responsible to upload content library assets.</description>
                <parameters>
                    <parameter name="CLDNumberOfAssets">20</parameter>
                    <parameter name="CLDJobExecutionMode">Prod</parameter>
                    <parameter name="CLDSyncMode">FULL</parameter>
                    <parameter name="Disabled">false</parameter>
                </parameters>
            </step>
        </flow>
        <rules/>
        <triggers>
            <run-once enabled="false">
                <date>2020-01-06Z</date>
                <time>19:28:25.000Z</time>
            </run-once>
        </triggers>
    </job>

    <job job-id="Cloudinary - Delta upload library assets" priority="0">
        <description>The job to upload recently changed content library asset files from SFCC to Cloudinary</description>
        <parameters/>
        <flow>
            <context site-id="RefArch"/>
            <step step-id="UploadContentLibraryAssets" type="custom.cloudinary.UploadContentLibraryAssets" enforce-restart="false">
                <description>The step is resposible to upload content library assets which have recently changed.</description>
                <parameters>
                    <parameter name="CLDNumberOfAssets">19</parameter>
                    <parameter name="CLDJobExecutionMode">Debug</parameter>
                    <parameter name="CLDSyncMode">DELTA</parameter>
                </parameters>
            </step>
        </flow>
        <rules/>
        <triggers>
            <run-once enabled="false">
                <date>2020-01-06Z</date>
                <time>19:28:25.000Z</time>
            </run-once>
        </triggers>
    </job>
</jobs>
