<?xml version="1.0" encoding="UTF-8"?>
<jobs xmlns="http://www.demandware.com/xml/impex/jobs/2015-07-01">
    <job job-id="Cloudinary - Upload product assets" priority="0">
        <description>The job to upload product assets from SFCC to Cloudinary.</description>
        <parameters/>
        <flow>
            <context site-id="RefArch"/>
            <step step-id="UplaodProductLargeImages" type="custom.cloudinary.UploadProductAssets" enforce-restart="false">
                <description>This step is responsible to upload products large images.</description>
                <parameters>
                    <parameter name="CLDAssetRenameReportEmail"></parameter>
                    <parameter name="CLDNumberOfAssets">20</parameter>
                    <parameter name="CLDJobExecutionMode">Debug</parameter>
                    <parameter name="CLDSyncMode">FULL</parameter>
                    <parameter name="CLDViewType">large</parameter>
                    <parameter name="Disabled">false</parameter>
                </parameters>
            </step>
            <step step-id="UploadProductSwatchImages" type="custom.cloudinary.UploadProductAssets" enforce-restart="false">
                <description>This step is responsible to upload products swatch images.</description>
                <parameters>
                    <parameter name="CLDAssetRenameReportEmail"></parameter>
                    <parameter name="CLDNumberOfAssets">20</parameter>
                    <parameter name="CLDJobExecutionMode">Debug</parameter>
                    <parameter name="CLDSyncMode">FULL</parameter>
                    <parameter name="CLDViewType">swatch</parameter>
                    <parameter name="Disabled">false</parameter>
                </parameters>
            </step>
        </flow>
        <flow>
			<context site-id="RefArch"/>
			<step step-id="cldStructuredMetadata" type="custom.cloudinary.Structured.Metadata" enforce-restart="false">
				<description>Create the essential structured metadata in Cloudinary.</description>
				<parameters>
					<parameter name="Disabled">false</parameter>
				</parameters>
			</step>
		</flow>
        <rules/>
        <triggers>
            <run-once enabled="false">
                <date>2020-01-06Z</date>
                <time>19:28:25.000Z</time>
            </run-once>
        </triggers>
    </job>

    <job job-id="Cloudinary - Upload catalog assets" priority="0">
        <description>The job to upload catalog assets from SFCC to Cloudinary.</description>
        <parameters/>
        <flow>
            <context site-id="RefArch"/>
            <step step-id="UploadCatalogAssets" type="custom.cloudinary.UploadCatalogAssets" enforce-restart="false">
                <description>This step is responsible to upload catalog assets.</description>
                <parameters>
                    <parameter name="CLDNumberOfAssets">20</parameter>
                    <parameter name="CLDJobExecutionMode">Prod</parameter>
                    <parameter name="CLDSyncMode">FULL</parameter>
                    <parameter name="Disabled">false</parameter>
                </parameters>
            </step>
        </flow>
        <rules/>
        <triggers>
            <run-once enabled="false">
                <date>2020-01-13Z</date>
                <time>19:28:25.000Z</time>
            </run-once>
        </triggers>
    </job>

    <job job-id="Cloudinary - Delta Upload catalog assets" priority="0">
        <description>The job to upload recently changed catalog assets from SFCC to Cloudinary.</description>
        <parameters/>
        <flow>
            <context site-id="RefArch"/>
            <step step-id="UploadCatalogAssets" type="custom.cloudinary.UploadCatalogAssets" enforce-restart="false">
                <description>The step is responsible to upload catalog assets which have recently changed.</description>
                <parameters>
                    <parameter name="CLDNumberOfAssets">20</parameter>
                    <parameter name="CLDJobExecutionMode">Debug</parameter>
                    <parameter name="CLDSyncMode">DELTA</parameter>
                    <parameter name="Disabled">false</parameter>
                </parameters>
            </step>
        </flow>
        <rules/>
        <triggers>
            <run-once enabled="false">
                <date>2020-01-13Z</date>
                <time>19:28:25.000Z</time>
            </run-once>
        </triggers>
    </job>

    <job job-id="Cloudinary - Upload content library assets" priority="0">
        <description>The job to upload content library asset files from SFCC to Cloudinary.</description>
        <parameters/>
        <flow>
            <context site-id="RefArch"/>
            <step step-id="UploadContentLibraryAssets" type="custom.cloudinary.UploadContentLibraryAssets" enforce-restart="false">
                <description>This step is responsible to upload content library assets.</description>
                <parameters>
                    <parameter name="CLDNumberOfAssets">20</parameter>
                    <parameter name="CLDJobExecutionMode">Prod</parameter>
                    <parameter name="CLDSyncMode">FULL</parameter>
                    <parameter name="Disabled">false</parameter>
                </parameters>
            </step>
        </flow>
        <rules/>
        <triggers>
            <run-once enabled="false">
                <date>2020-01-06Z</date>
                <time>19:28:25.000Z</time>
            </run-once>
        </triggers>
    </job>

    <job job-id="Cloudinary - Delta upload library assets" priority="0">
        <description>The job to upload recently changed content library asset files from SFCC to Cloudinary</description>
        <parameters/>
        <flow>
            <context site-id="RefArch"/>
            <step step-id="UploadContentLibraryAssets" type="custom.cloudinary.UploadContentLibraryAssets" enforce-restart="false">
                <description>The step is resposible to upload content library assets which have recently changed.</description>
                <parameters>
                    <parameter name="CLDNumberOfAssets">19</parameter>
                    <parameter name="CLDJobExecutionMode">Debug</parameter>
                    <parameter name="CLDSyncMode">DELTA</parameter>
                </parameters>
            </step>
        </flow>
        <rules/>
        <triggers>
            <run-once enabled="false">
                <date>2020-01-06Z</date>
                <time>19:28:25.000Z</time>
            </run-once>
        </triggers>
    </job>
	
	<job job-id="Cloudinary - Import of Image Path and Alt Text" priority="0">
        <description>Cloudinary - Fetch Images Paths Based on Tag Names For Option1</description>
        <parameters/>
        <flow>
            <context site-id="RefArch"/>
            <step step-id="Custom.Cloudinary.UpdateProductImagesForFeeds" type="custom.cloudinary.UpdateProductImagesForFeeds" enforce-restart="false">
                <description>Custom.Cloudinary.UpdateProductImagesForFeeds</description>
                <parameters>
                    <parameter name="CLDNumberOfAssets">5</parameter>
                    <parameter name="CLDJobExecutionMode">Debug</parameter>
                    <parameter name="CLDViewType">large</parameter>
                    <parameter name="CLDCatalogId">apparel-m-catalog</parameter>
                    <parameter name="CLDCatalogFilePath">src</parameter>
                </parameters>
            </step>
        </flow>
		<flow>
            <context site-id="Sites"/>
            <step step-id="ImportCatalogIntoSfccPath" type="ImportCatalog" enforce-restart="false">
                <description>ImportCatalogIntoSfccPath</description>
                <parameters>
                    <parameter name="FileNamePattern">RefArch_apparel-m-catalog_.*\.xml</parameter>
                    <parameter name="NoFilesFoundHandling">NO_FILES_FOUND</parameter>
                    <parameter name="ImportMode">Merge</parameter>
                    <parameter name="ImportFailedHandling">WARN</parameter>
                    <parameter name="AfterImportFileHandling">Delete</parameter>
                    <parameter name="ArchiveFolder">archive</parameter>
                </parameters>
            </step>
        </flow>
        <rules/>
        <triggers>
            <run-once enabled="false">
                <date>2021-11-15Z</date>
                <time>14:26:54.000Z</time>
            </run-once>
        </triggers>
    </job>
</jobs>
