<?xml version="1.0" encoding="UTF-8"?>
<services xmlns="http://www.demandware.com/xml/impex/services/2014-09-26">

    <service-credential service-credential-id="RefArch.cloudinary.rest.creds">
        <url>https://api.cloudinary.com/v1_1/</url>
        <user-id></user-id>
        <password></password>
    </service-credential>
	
	<service-credential service-credential-id="SiteGenesis.cloudinary.rest.creds">
        <url>https://api.cloudinary.com/v1_1/</url>
        <user-id></user-id>
        <password></password>
    </service-credential>
	
    <service-credential service-credential-id="cloudinary.rest.creds">
        <url>https://api.cloudinary.com/v1_1/</url>
        <user-id></user-id>
        <password encrypted="true" encryption-type="common.export"></password>
    </service-credential>
	
    <service-credential service-credential-id="cloudinary.rest.list.creds">
        <url>https://res.cloudinary.com/[cloudname]</url>
        <user-id/>
        <password/>
    </service-credential>
	
	<service-credential service-credential-id="cloudinary.search.list.creds">
        <url>https://[apikey]:[apisecret]@api.cloudinary.com/v1_1/[cloudname]/resources/search</url>
        <user-id/>
        <password >********</password>
    </service-credential>

    <service-profile service-profile-id="cloudinary.rest.upload.profile">
        <timeout-millis>5000</timeout-millis>
        <rate-limit-enabled>false</rate-limit-enabled>
    </service-profile>
    <service-profile service-profile-id="cloudinary.rest.list.profile">
        <timeout-millis>5000</timeout-millis>
        <rate-limit-enabled>false</rate-limit-enabled>
    </service-profile>
	
	<service-profile service-profile-id="cloudinary.search.list.profile">
        <timeout-millis>5000</timeout-millis>
        <rate-limit-enabled>true</rate-limit-enabled>
        <rate-limit-calls>5000</rate-limit-calls>
        <rate-limit-millis>3600000</rate-limit-millis>
    </service-profile>

    <service service-id="cloudinary.rest.upload">
        <service-type>HTTP</service-type>
        <enabled>true</enabled>
        <log-prefix>cldUpload</log-prefix>
        <force-prd-enabled>false</force-prd-enabled>
        <mock-mode-enabled>false</mock-mode-enabled>
        <profile-id>cloudinary.rest.upload.profile</profile-id>
        <credential-id>cloudinary.rest.creds</credential-id>
    </service>
	
    <service service-id="cloudinary.rest.list">
        <service-type>HTTP</service-type>
        <enabled>true</enabled>
        <log-prefix>cldList</log-prefix>
        <force-prd-enabled>false</force-prd-enabled>
        <mock-mode-enabled>false</mock-mode-enabled>
        <profile-id>cloudinary.rest.list.profile</profile-id>
        <credential-id>cloudinary.rest.list.creds</credential-id>
    </service>
	
	<service service-id="cloudinary.search.list">
        <service-type>HTTP</service-type>
        <enabled>true</enabled>
        <log-prefix/>
        <force-prd-enabled>false</force-prd-enabled>
        <mock-mode-enabled>false</mock-mode-enabled>
        <profile-id>cloudinary.search.list.profile</profile-id>
        <credential-id>cloudinary.search.list.creds</credential-id>
    </service>
</services>
