<?xml version="1.0" encoding="UTF-8"?>
<metadata xmlns="http://www.demandware.com/xml/impex/metadata/2006-10-31">
    <type-extension type-id="Catalog">
        <custom-attribute-definitions>
            <attribute-definition attribute-id="CLDImageTransformation">
                <display-name xml:lang="x-default">Cloudinary Image Transformation</display-name>
                <description xml:lang="x-default">It is used to transform Cloudinary images at catalog level. This overrides global settings configured in site preferences.</description>
                <type>string</type>
                <localizable-flag>false</localizable-flag>
                <mandatory-flag>false</mandatory-flag>
                <externally-managed-flag>false</externally-managed-flag>
                <min-length>0</min-length>
            </attribute-definition>
            <attribute-definition attribute-id="CLDVideoTransformation">
                <display-name xml:lang="x-default">Cloudinary Video Transformation</display-name>
                <description xml:lang="x-default">It is used to transform Cloudinary videos at catalog level. This overrides global settings configured in site preferences.</description>
                <type>string</type>
                <localizable-flag>false</localizable-flag>
                <mandatory-flag>false</mandatory-flag>
                <externally-managed-flag>false</externally-managed-flag>
                <min-length>0</min-length>
            </attribute-definition>
        </custom-attribute-definitions>
        <group-definitions>
            <attribute-group group-id="Cloudinary">
                <display-name xml:lang="x-default">Cloudinary</display-name>
                <attribute attribute-id="CLDImageTransformation"/>
                <attribute attribute-id="CLDVideoTransformation"/>
            </attribute-group>
        </group-definitions>
    </type-extension>
    <type-extension type-id="Category">
        <custom-attribute-definitions>
            <attribute-definition attribute-id="CLDImageTransformation">
                <display-name xml:lang="x-default">Cloudinary Image Transformation</display-name>
                <description xml:lang="x-default">It is used to transform Cloudinary images at category level. This overrides global settings configured in catalog or site preferences.</description>
                <type>string</type>
                <localizable-flag>false</localizable-flag>
                <mandatory-flag>false</mandatory-flag>
                <externally-managed-flag>false</externally-managed-flag>
                <min-length>0</min-length>
            </attribute-definition>
            <attribute-definition attribute-id="CLDVideoTransformation">
                <display-name xml:lang="x-default">Cloudinary Video Transformation</display-name>
                <description xml:lang="x-default">It is used to transform Cloudinary videos at category level. This overrides global settings configured in catalog or site preferences.</description>
                <type>string</type>
                <localizable-flag>false</localizable-flag>
                <mandatory-flag>false</mandatory-flag>
                <externally-managed-flag>false</externally-managed-flag>
                <min-length>0</min-length>
            </attribute-definition>
        </custom-attribute-definitions>
        <group-definitions>
            <attribute-group group-id="Cloudinary">
                <display-name xml:lang="x-default">Cloudinary</display-name>
                <attribute attribute-id="CLDImageTransformation"/>
                <attribute attribute-id="CLDVideoTransformation"/>
            </attribute-group>
        </group-definitions>
    </type-extension>
    <type-extension type-id="Product">
        <custom-attribute-definitions>
            <attribute-definition attribute-id="CLDTagName">
                <display-name xml:lang="x-default">Cloudinary Tag Name</display-name>
                <description xml:lang="x-default">This is used to override tag assets for this product otherwise global tag field is used for tagging.</description>
                <type>string</type>
                <localizable-flag>false</localizable-flag>
                <site-specific-flag>false</site-specific-flag>
                <mandatory-flag>false</mandatory-flag>
                <visible-flag>false</visible-flag>
                <externally-managed-flag>false</externally-managed-flag>
                <order-required-flag>false</order-required-flag>
                <externally-defined-flag>false</externally-defined-flag>
                <min-length>0</min-length>
            </attribute-definition>
            <attribute-definition attribute-id="CLDVideoEnabled">
                <display-name xml:lang="x-default">Cloudinary Use Video</display-name>
                <description xml:lang="x-default">This is used to enabled/disable video at product level. This overrides global settings configured in site preferences.</description>
                <type>boolean</type>
                <site-specific-flag>false</site-specific-flag>
                <mandatory-flag>false</mandatory-flag>
                <visible-flag>false</visible-flag>
                <externally-managed-flag>false</externally-managed-flag>
                <order-required-flag>false</order-required-flag>
                <externally-defined-flag>false</externally-defined-flag>
            </attribute-definition>
            <attribute-definition attribute-id="CLDVideoPlayerEnabled">
                <display-name xml:lang="x-default">Cloudinary Use Video Player</display-name>
                <description xml:lang="x-default">This is used to enable/disable video widget at product level. The video should be enabled first to display video widget. This overrides global settings configured in site preferences.</description>
                <type>boolean</type>
                <site-specific-flag>false</site-specific-flag>
                <mandatory-flag>false</mandatory-flag>
                <visible-flag>false</visible-flag>
                <externally-managed-flag>false</externally-managed-flag>
                <order-required-flag>false</order-required-flag>
                <externally-defined-flag>false</externally-defined-flag>
            </attribute-definition>
            <attribute-definition attribute-id="CLDVideoOptions">
                <display-name xml:lang="x-default">Cloudinary Video Player Styles</display-name>
                <description xml:lang="x-default">This is used to configure video widget styles at product level. This overrides global settings configured in site preferences.</description>
                <type>text</type>
                <localizable-flag>false</localizable-flag>
                <site-specific-flag>false</site-specific-flag>
                <mandatory-flag>false</mandatory-flag>
                <visible-flag>false</visible-flag>
                <externally-managed-flag>false</externally-managed-flag>
                <order-required-flag>false</order-required-flag>
                <externally-defined-flag>false</externally-defined-flag>
            </attribute-definition>
            <attribute-definition attribute-id="CLDGalleryStyles">
                <display-name xml:lang="x-default">Cloudinary Gallery Styles</display-name>
                <description xml:lang="x-default">This is used to configure product gallery widget styles at product level. This overrides global settings configured in site preferences.</description>
                <type>text</type>
                <localizable-flag>false</localizable-flag>
                <site-specific-flag>false</site-specific-flag>
                <mandatory-flag>false</mandatory-flag>
                <visible-flag>false</visible-flag>
                <externally-managed-flag>false</externally-managed-flag>
                <order-required-flag>false</order-required-flag>
                <externally-defined-flag>false</externally-defined-flag>
            </attribute-definition>
            <attribute-definition attribute-id="CLDImageTransformation">
                <display-name xml:lang="x-default">Cloudinary Image Transformation</display-name>
                <description xml:lang="x-default">It is used to transform Cloudinary Images at product level. This overrides global settings configured in catalog or site preferences.</description>
                <type>string</type>
                <localizable-flag>false</localizable-flag>
                <site-specific-flag>false</site-specific-flag>
                <mandatory-flag>false</mandatory-flag>
                <visible-flag>false</visible-flag>
                <externally-managed-flag>false</externally-managed-flag>
                <order-required-flag>false</order-required-flag>
                <externally-defined-flag>false</externally-defined-flag>
                <min-length>0</min-length>
            </attribute-definition>
            <attribute-definition attribute-id="CLDVideoTransformation">
                <display-name xml:lang="x-default">Cloudinary Video Transformations</display-name>
                <description xml:lang="x-default">It is used to transform Cloudinary video at product level. This overrides global settings configured in catalog or site preferences.</description>
                <type>string</type>
                <localizable-flag>false</localizable-flag>
                <site-specific-flag>false</site-specific-flag>
                <mandatory-flag>false</mandatory-flag>
                <visible-flag>false</visible-flag>
                <externally-managed-flag>false</externally-managed-flag>
                <order-required-flag>false</order-required-flag>
                <externally-defined-flag>false</externally-defined-flag>
                <min-length>0</min-length>
            </attribute-definition>
        </custom-attribute-definitions>
        <group-definitions>
            <attribute-group group-id="Cloudinary">
                <display-name xml:lang="x-default">Cloudinary</display-name>
                <attribute attribute-id="CLDTagName"/>
                <attribute attribute-id="CLDImageTransformation"/>
                <attribute attribute-id="CLDGalleryStyles"/>
                <attribute attribute-id="CLDVideoEnabled"/>
                <attribute attribute-id="CLDVideoPlayerEnabled"/>
                <attribute attribute-id="CLDVideoOptions"/>
                <attribute attribute-id="CLDVideoTransformation"/>
            </attribute-group>
        </group-definitions>
    </type-extension>
    <type-extension type-id="Library">
        <custom-attribute-definitions>
           <attribute-definition attribute-id="CLDImageTransformations">
                <display-name xml:lang="x-default">Cloudinary Image Transformations</display-name>
                <description xml:lang="x-default">It is used to transform Cloudinary images at library level. This overrides global settings configured in site preferences.</description>
                <type>string</type>
                <localizable-flag>false</localizable-flag>
                <mandatory-flag>false</mandatory-flag>
                <externally-managed-flag>false</externally-managed-flag>
                <min-length>0</min-length>
            </attribute-definition>
            <attribute-definition attribute-id="CLDVideoEnabled">
                <display-name xml:lang="x-default">Cloudinary Use Video</display-name>
                <description xml:lang="x-default">This is used to enabled/disable video for content. This overrides global settings configured in site preferences.</description>
                <type>enum-of-string</type>
                <localizable-flag>false</localizable-flag>
                <mandatory-flag>false</mandatory-flag>
                <externally-managed-flag>false</externally-managed-flag>
                <value-definitions>
                    <value-definition>
                        <display xml:lang="x-default">Yes</display>
                        <value>1</value>
                    </value-definition>
                    <value-definition>
                        <display xml:lang="x-default">No</display>
                        <value>0</value>
                    </value-definition>
                </value-definitions>
            </attribute-definition>
            <attribute-definition attribute-id="CLDVideoOptions">
                <display-name xml:lang="x-default">Cloudinary Video Player Styles</display-name>
                <description xml:lang="x-default">This is used to configure video widget styles for content. This overrides global settings configured in site preferences.</description>
                <type>text</type>
                <localizable-flag>false</localizable-flag>
                <mandatory-flag>false</mandatory-flag>
                <externally-managed-flag>false</externally-managed-flag>
            </attribute-definition>
            <attribute-definition attribute-id="CLDVideoPlayerEnabled">
                <display-name xml:lang="x-default">Use the Cloudinary video player</display-name>
                <description xml:lang="x-default">It enables Cloudinary Video Widget for content. Cloudinary Use Video should be enabled for this to work. This overrides global settings configured in site preferences.</description>
                <type>enum-of-string</type>
                <localizable-flag>false</localizable-flag>
                <mandatory-flag>false</mandatory-flag>
                <externally-managed-flag>false</externally-managed-flag>
                <value-definitions>
                    <value-definition>
                        <display xml:lang="x-default">Yes</display>
                        <value>1</value>
                    </value-definition>
                    <value-definition>
                        <display xml:lang="x-default">No</display>
                        <value>0</value>
                    </value-definition>
                </value-definitions>
            </attribute-definition>
            <attribute-definition attribute-id="CLDVideoTransformations">
                <display-name xml:lang="x-default">Cloudinary Video Transformations</display-name>
                <description xml:lang="x-default">It is used to transform Cloudinary videos at library level. This overrides global settings configured in site preferences.</description>
                <type>string</type>
                <localizable-flag>false</localizable-flag>
                <mandatory-flag>false</mandatory-flag>
                <externally-managed-flag>false</externally-managed-flag>
                <min-length>0</min-length>
            </attribute-definition>
        </custom-attribute-definitions>
        <group-definitions>
           <attribute-group group-id="Cloudinary">
                <display-name xml:lang="x-default">Cloudinary</display-name>
                <attribute attribute-id="CLDImageTransformations"/>
                <attribute attribute-id="CLDVideoEnabled"/>
                <attribute attribute-id="CLDVideoPlayerEnabled"/>
                <attribute attribute-id="CLDVideoOptions"/>
                <attribute attribute-id="CLDVideoTransformations"/>
            </attribute-group>
        </group-definitions>
    </type-extension>
    <type-extension type-id="SitePreferences">
        <custom-attribute-definitions>
            <attribute-definition attribute-id="CLDAPIkey">
                <display-name xml:lang="x-default">Cloudinary API Key</display-name>
                <description xml:lang="x-default">The API Key of your Cloudinary account.</description>
                <type>string</type>
                <mandatory-flag>true</mandatory-flag>
                <externally-managed-flag>false</externally-managed-flag>
                <min-length>0</min-length>
            </attribute-definition>
            <attribute-definition attribute-id="CLDAutoUploadMapping">
                <display-name xml:lang="x-default">Cloudinary Auto Upload Mapping</display-name>
                <description xml:lang="x-default">The folder configured in Cloudinary DAM for auto upload mapping.</description>
                <type>string</type>
                <mandatory-flag>false</mandatory-flag>
                <externally-managed-flag>false</externally-managed-flag>
                <min-length>0</min-length>
                <default-value>remote_media</default-value>
            </attribute-definition>
            <attribute-definition attribute-id="CLDBaseDeliveryPath">
                <display-name xml:lang="x-default">Cloudinary Base Delivery Path</display-name>
                <description xml:lang="x-default">The base delivery path of your Cloudinary account.</description>
                <type>string</type>
                <mandatory-flag>true</mandatory-flag>
                <externally-managed-flag>false</externally-managed-flag>
                <min-length>0</min-length>
            </attribute-definition>
            <attribute-definition attribute-id="CLDCartridgeContentOperationMode">
                <display-name xml:lang="x-default">Cloudinary Cartridge Content Operation Mode</display-name>
                <description xml:lang="x-default">This setting controls how content assets are mapped to Cloudinary images and videos.</description>
                <type>enum-of-string</type>
                <mandatory-flag>true</mandatory-flag>
                <externally-managed-flag>false</externally-managed-flag>
                <value-definitions>
                    <value-definition default="true">
                        <display xml:lang="x-default">Map assets using SFCC path</display>
                        <value>2</value>
                    </value-definition>
                    <value-definition>
                        <display xml:lang="x-default">Use existing library asset URLs to Auto upload into Cloudinary and deliver</display>
                        <value>3</value>
                    </value-definition>
                </value-definitions>
            </attribute-definition>
            <attribute-definition attribute-id="CLDCartridgeOperationMode">
                <display-name xml:lang="x-default">Cloudinary Cartridge Operation Mode</display-name>
                <description xml:lang="x-default">This setting controls how assets are mapped to products.</description>
                <type>enum-of-string</type>
                <mandatory-flag>true</mandatory-flag>
                <externally-managed-flag>false</externally-managed-flag>
                <value-definitions>
                    <value-definition default="true">
                        <display xml:lang="x-default">Map Assets using tags and meta data in Cloudinary</display>
                        <value>1</value>
                    </value-definition>
                    <value-definition>
                        <display xml:lang="x-default">Map assets using view types in the catalog</display>
                        <value>2</value>
                    </value-definition>
                    <value-definition>
                        <display xml:lang="x-default">Use existing website URLs to Auto upload into Cloudinary and deliver</display>
                        <value>3</value>
                    </value-definition>
                </value-definitions>
            </attribute-definition>
            <attribute-definition attribute-id="CLDCatalogImagePath">
                <display-name xml:lang="x-default">Folder for catalog images in Cloudinary</display-name>
                <description xml:lang="x-default">The folder in the Cloudinary DAM, where catalog images will be stored.</description>
                <type>string</type>
                <mandatory-flag>false</mandatory-flag>
                <externally-managed-flag>false</externally-managed-flag>
                <min-length>0</min-length>
                <default-value>catalog/images</default-value>
            </attribute-definition>
            <attribute-definition attribute-id="CLDCatalogVideoPath">
                <display-name xml:lang="x-default">Cloudinary Catalog Video Path</display-name>
                <description xml:lang="x-default">The base folder in the Cloudinary DAM where catalog videos will be stored.</description>
                <type>string</type>
                <mandatory-flag>false</mandatory-flag>
                <externally-managed-flag>false</externally-managed-flag>
                <min-length>0</min-length>
                <default-value>catalog/videos</default-value>
            </attribute-definition>
            <attribute-definition attribute-id="CLDCloudName">
                <display-name xml:lang="x-default">Cloudinary Cloud Name</display-name>
                <description xml:lang="x-default">The Cloud Name of your Cloudinary account.</description>
                <type>string</type>
                <mandatory-flag>true</mandatory-flag>
                <externally-managed-flag>false</externally-managed-flag>
                <min-length>0</min-length>
            </attribute-definition>
            <attribute-definition attribute-id="CLDContentImagePath">
                <display-name xml:lang="x-default">Folder For Content Images In Cloudinary</display-name>
                <description xml:lang="x-default"> The folder in the Cloudinary DAM, where catalog images will be stored.</description>
                <type>string</type>
                <mandatory-flag>false</mandatory-flag>
                <externally-managed-flag>false</externally-managed-flag>
                <min-length>0</min-length>
                <default-value>content/</default-value>
            </attribute-definition>
            <attribute-definition attribute-id="CLDCoreShrinkwrapJSURL">
                <display-name xml:lang="x-default">Cloudinary Core Shrinkwrap Static JS URL</display-name>
                <description xml:lang="x-default">The URL for Cloudinary client side Shrinkwrap JS library.</description>
                <type>string</type>
                <mandatory-flag>false</mandatory-flag>
                <externally-managed-flag>false</externally-managed-flag>
                <min-length>0</min-length>
                <default-value>https://unpkg.com/cloudinary-core@2.6.3/cloudinary-core-shrinkwrap.min.js</default-value>
            </attribute-definition>
            <attribute-definition attribute-id="CLDEnableSwatchOnPLP">
                <display-name xml:lang="x-default">Enable Cloudinary Swatches On PLP</display-name>
                <description xml:lang="x-default">Used to show/hide swatch images from Cloudinary on PLP.</description>
                <type>boolean</type>
                <mandatory-flag>false</mandatory-flag>
                <externally-managed-flag>false</externally-managed-flag>
                <default-value>false</default-value>
            </attribute-definition>
            <attribute-definition attribute-id="CLDEnabled">
                <display-name xml:lang="x-default">Cloudinary Enabled</display-name>
                <description xml:lang="x-default">Enable or disable the Cloudinary cartridge.</description>
                <type>boolean</type>
                <mandatory-flag>false</mandatory-flag>
                <externally-managed-flag>false</externally-managed-flag>
                <default-value>false</default-value>
            </attribute-definition>
            <attribute-definition attribute-id="CLDGalleryEnabled">
                <display-name xml:lang="x-default">Use Cloudinary Gallery On PDPs</display-name>
                <description xml:lang="x-default">Enable or disable the Cloudinary Gallery Widget on PDPs.</description>
                <type>boolean</type>
                <mandatory-flag>false</mandatory-flag>
                <externally-managed-flag>false</externally-managed-flag>
                <default-value>false</default-value>
            </attribute-definition>
            <attribute-definition attribute-id="CLDGalleryJSURL">
                <display-name xml:lang="x-default">Cloudinary Gallery Static JS URL</display-name>
                <description xml:lang="x-default">The URL for Cloudinary Gallery Widget client side JS library.</description>
                <type>string</type>
                <mandatory-flag>false</mandatory-flag>
                <externally-managed-flag>false</externally-managed-flag>
                <min-length>0</min-length>
                <default-value>https://product-gallery.cloudinary.com/all.js</default-value>
            </attribute-definition>
            <attribute-definition attribute-id="CLDGalleryStyles">
                <display-name xml:lang="x-default">Cloudinary Gallery Look And Feel</display-name>
                <description xml:lang="x-default">Global look and feel for the Cloudinary Gallery on PDPs.</description>
                <type>text</type>
                <mandatory-flag>false</mandatory-flag>
                <externally-managed-flag>false</externally-managed-flag>
                <default-value>{"container": "#cld-gallery","thumbnailProps": {"width": 75,"height": 75,"spacing": 4,"navigationColor": "red"},
"carouselStyle": "thumbnails","carouselLocation": "left","viewportBreakpoints": [{"breakpoint": 600,"carouselStyle": "indicators","carouselLocation": "bottom"}]
}
                </default-value>
            </attribute-definition>
            <attribute-definition attribute-id="CLDHighResImageViewType">
                <display-name xml:lang="x-default">View type for high res images in the catalog</display-name>
                <description xml:lang="x-default">The view type used for the highest resolution of images in the catalog, e.g. “large”.</description>
                <type>string</type>
                <mandatory-flag>false</mandatory-flag>
                <externally-managed-flag>false</externally-managed-flag>
                <min-length>0</min-length>
                <default-value>large</default-value>
            </attribute-definition>
            <attribute-definition attribute-id="CLDImagePageTypeSettings">
                <display-name xml:lang="x-default">Cloudinary Image Page Type Settings</display-name>
                <description xml:lang="x-default">Settings used to build responsive images for different pages on the site.</description>
                <type>text</type>
                <mandatory-flag>false</mandatory-flag>
                <externally-managed-flag>false</externally-managed-flag>
            </attribute-definition>
            <attribute-definition attribute-id="CLDImageTransformDPR">
                <display-name xml:lang="x-default">Global Image DPR</display-name>
                <description xml:lang="x-default">The default Device Pixel Ratio (DPR) setting for all images delivered by Cloudinary.</description>
                <type>enum-of-string</type>
                <mandatory-flag>false</mandatory-flag>
                <externally-managed-flag>false</externally-managed-flag>
                <value-definitions>
                    <value-definition default="true">
                        <display xml:lang="x-default">Auto</display>
                        <value>auto</value>
                    </value-definition>
                    <value-definition>
                        <display xml:lang="x-default">Do not use</display>
                        <value>null</value>
                    </value-definition>
                    <value-definition>
                        <display xml:lang="x-default">1</display>
                        <value>1</value>
                    </value-definition>
                    <value-definition>
                        <display xml:lang="x-default">2</display>
                        <value>2</value>
                    </value-definition>
                </value-definitions>
            </attribute-definition>
            <attribute-definition attribute-id="CLDImageTransformFormat">
                <display-name xml:lang="x-default">Global Image Format</display-name>
                <description xml:lang="x-default">The default format for all images delivered by Cloudinary.</description>
                <type>enum-of-string</type>
                <mandatory-flag>false</mandatory-flag>
                <externally-managed-flag>false</externally-managed-flag>
                <value-definitions>
                    <value-definition default="true">
                        <display xml:lang="x-default">Auto</display>
                        <value>auto</value>
                    </value-definition>
                    <value-definition>
                        <display xml:lang="x-default">Do not use</display>
                        <value>null</value>
                    </value-definition>
                    <value-definition>
                        <display xml:lang="x-default">jpg</display>
                        <value>jpg</value>
                    </value-definition>
                    <value-definition>
                        <display xml:lang="x-default">png</display>
                        <value>png</value>
                    </value-definition>
                    <value-definition>
                        <display xml:lang="x-default">webp</display>
                        <value>webp</value>
                    </value-definition>
                </value-definitions>
            </attribute-definition>
            <attribute-definition attribute-id="CLDImageTransformQuality">
                <display-name xml:lang="x-default">Global Image Quality</display-name>
                <description xml:lang="x-default">The default quality setting for all images delivered by Cloudinary.</description>
                <type>enum-of-string</type>
                <mandatory-flag>false</mandatory-flag>
                <externally-managed-flag>false</externally-managed-flag>
                <value-definitions>
                    <value-definition default="true">
                        <display xml:lang="x-default">Auto</display>
                        <value>auto</value>
                    </value-definition>
                    <value-definition>
                        <display xml:lang="x-default">Do not use</display>
                        <value>null</value>
                    </value-definition>
                    <value-definition>
                        <display xml:lang="x-default">20%</display>
                        <value>20</value>
                    </value-definition>
                    <value-definition>
                        <display xml:lang="x-default">30%</display>
                        <value>30</value>
                    </value-definition>
                    <value-definition>
                        <display xml:lang="x-default">40%</display>
                        <value>40</value>
                    </value-definition>
                    <value-definition>
                        <display xml:lang="x-default">50%</display>
                        <value>50</value>
                    </value-definition>
                    <value-definition>
                        <display xml:lang="x-default">60%</display>
                        <value>60</value>
                    </value-definition>
                    <value-definition>
                        <display xml:lang="x-default">70%</display>
                        <value>70</value>
                    </value-definition>
                    <value-definition>
                        <display xml:lang="x-default">80%</display>
                        <value>80</value>
                    </value-definition>
                    <value-definition>
                        <display xml:lang="x-default">90%</display>
                        <value>90</value>
                    </value-definition>
                    <value-definition>
                        <display xml:lang="x-default">100%</display>
                        <value>100</value>
                    </value-definition>
                </value-definitions>
            </attribute-definition>
            <attribute-definition attribute-id="CLDImageTransformation">
                <display-name xml:lang="x-default">Cloudinary Global Image Transformation</display-name>
                <description xml:lang="x-default">These transformations will apply to all images delivered by Cloudinary.</description>
                <type>string</type>
                <mandatory-flag>false</mandatory-flag>
                <externally-managed-flag>false</externally-managed-flag>
                <min-length>0</min-length>
            </attribute-definition>
            <attribute-definition attribute-id="CLDImagesBasePath">
                <display-name xml:lang="x-default">Base folder for Catalog Images in SFCC</display-name>
                <description xml:lang="x-default">This is the base path for images in SFCC. Pick it from Catalog Settings > Image Settings > Base Path.</description>
                <type>string</type>
                <mandatory-flag>false</mandatory-flag>
                <externally-managed-flag>false</externally-managed-flag>
                <min-length>0</min-length>
                <default-value>/images</default-value>
            </attribute-definition>
            <attribute-definition attribute-id="CLDIncludeVideosInPGW">
                <display-name xml:lang="x-default">Cloudinary Include Videos By View Type In PGW</display-name>
                <description xml:lang="x-default">Used to include videos fetched by view type in the Product Gallery, when Get Assets By View Type is chosen in Cloudinary Cartridge Operation Mode.</description>
                <type>boolean</type>
                <mandatory-flag>false</mandatory-flag>
                <externally-managed-flag>false</externally-managed-flag>
                <default-value>false</default-value>
            </attribute-definition>
            <attribute-definition attribute-id="CLDMetadataFilteringEndpoint">
                <display-name xml:lang="x-default">Cloudinary Metadata Filtering Endpoint</display-name>
                <description xml:lang="x-default">Cloudinary dynamic endpoint to fetch resources based on metadata and tag name.</description>
                <type>string</type>
                <mandatory-flag>false</mandatory-flag>
                <externally-managed-flag>false</externally-managed-flag>
                <min-length>0</min-length>
                <default-value>image/list/$i_!&lt;SMDKEY:SMDVALUE&gt;!/fn_edge:join/&lt;SITE TRANSFORMS&gt;/&lt;PRODCAT TRANSFORMS&gt;/&lt;DIMENSIONS&gt;/&lt;TAG&gt;</default-value>
            </attribute-definition>
            <attribute-definition attribute-id="CLDProductAttributeForTags">
                <display-name xml:lang="x-default">Product identifier used for tags in Cloudinary</display-name>
                <description xml:lang="x-default">Product attribute identifier which should be used to create tags in Cloudinary. E.g. standard attribute like ID or a custom attribute in the catalog.</description>
                <type>string</type>
                <mandatory-flag>false</mandatory-flag>
                <externally-managed-flag>false</externally-managed-flag>
                <min-length>0</min-length>
                <default-value>ID</default-value>
            </attribute-definition>
            <attribute-definition attribute-id="CLDProductImagePath">
                <display-name xml:lang="x-default">Folder For Product Images In Cloudinary</display-name>
                <description xml:lang="x-default">The folder in the Cloudinary DAM, where product images will be stored.</description>
                <type>string</type>
                <mandatory-flag>false</mandatory-flag>
                <externally-managed-flag>false</externally-managed-flag>
                <min-length>0</min-length>
                <default-value>products/images</default-value>
            </attribute-definition>
            <attribute-definition attribute-id="CLDProductVideoPath">
                <display-name xml:lang="x-default">Folder For Product Videos In Cloudinary</display-name>
                <description xml:lang="x-default">The folder in the Cloudinary DAM, where product videos will be stored.</description>
                <type>string</type>
                <mandatory-flag>false</mandatory-flag>
                <externally-managed-flag>false</externally-managed-flag>
                <min-length>0</min-length>
                <default-value>products/videos</default-value>
            </attribute-definition>
            <attribute-definition attribute-id="CLDSMDKey">
                <display-name xml:lang="x-default">Cloudinary Structured Metadata Key</display-name>
                <description xml:lang="x-default">Cloudinary structured metadata key representing a primary image.</description>
                <type>string</type>
                <mandatory-flag>false</mandatory-flag>
                <externally-managed-flag>false</externally-managed-flag>
                <min-length>0</min-length>
                <default-value>sfcc-is-main</default-value>
            </attribute-definition>
            <attribute-definition attribute-id="CLDSMDValue">
                <display-name xml:lang="x-default">Cloudinary Structured Metadata Value</display-name>
                <description xml:lang="x-default">Cloudinary structured metadata value representing a primary image.</description>
                <type>string</type>
                <mandatory-flag>false</mandatory-flag>
                <externally-managed-flag>false</externally-managed-flag>
                <min-length>0</min-length>
                <default-value>True</default-value>
            </attribute-definition>
            <attribute-definition attribute-id="CLDSecretKey">
                <display-name xml:lang="x-default">Cloudinary API Secret</display-name>
                <description xml:lang="x-default">The API Secret of your Cloudinary account.</description>
                <type>password</type>
                <mandatory-flag>true</mandatory-flag>
                <externally-managed-flag>false</externally-managed-flag>
            </attribute-definition>
            <attribute-definition attribute-id="CLDSwatchImageViewType">
                <display-name xml:lang="x-default">View type for swatch images in the catalog</display-name>
                <description xml:lang="x-default">The view type used for swatches in the catalog, e.g. “swatch”.</description>
                <type>string</type>
                <mandatory-flag>false</mandatory-flag>
                <externally-managed-flag>false</externally-managed-flag>
                <min-length>0</min-length>
                <default-value>swatch</default-value>
            </attribute-definition>
            <attribute-definition attribute-id="CLDVideoCustomMapPath">
                <display-name xml:lang="x-default">Cloudinary Video Custom Map Path</display-name>
                <description xml:lang="x-default">This is the custom mapping path scheme for Cloudinary videos only, based on video naming conventions in Cloudinary. It is required if Cloudinary Use Video Custom Mapping is Enabled.</description>
                <type>string</type>
                <mandatory-flag>false</mandatory-flag>
                <externally-managed-flag>false</externally-managed-flag>
                <min-length>0</min-length>
            </attribute-definition>
            <attribute-definition attribute-id="CLDVideoCustomMappingEnabled">
                <display-name xml:lang="x-default">Cloudinary Use Video Custom Mapping</display-name>
                <description xml:lang="x-default">Enable or disable custom mapping for product videos in Cloudinary. If enabled then it overrides cartridge operation mode settings for videos.</description>
                <type>boolean</type>
                <mandatory-flag>false</mandatory-flag>
                <externally-managed-flag>false</externally-managed-flag>
            </attribute-definition>
            <attribute-definition attribute-id="CLDVideoCustomMappingFormat">
                <display-name xml:lang="x-default">Cloudinary Custom Mapping Video Format</display-name>
                <description xml:lang="x-default">Used to append video format while building URL by using custom mapping.</description>
                <type>string</type>
                <mandatory-flag>false</mandatory-flag>
                <externally-managed-flag>false</externally-managed-flag>
                <min-length>0</min-length>
                <default-value>mp4</default-value>
            </attribute-definition>
            <attribute-definition attribute-id="CLDVideoEnabled">
                <display-name xml:lang="x-default">Cloudinary Videos Enabled</display-name>
                <description xml:lang="x-default">This is a global configuration to enable videos from Cloudinary on the site.</description>
                <type>boolean</type>
                <mandatory-flag>false</mandatory-flag>
                <externally-managed-flag>false</externally-managed-flag>
            </attribute-definition>
            <attribute-definition attribute-id="CLDVideoPlayerCSSURL">
                <display-name xml:lang="x-default">Cloudinary Video Player Static CSS URL</display-name>
                <description xml:lang="x-default">The URL for Cloudinary Video Player client side CSS library.</description>
                <type>string</type>
                <mandatory-flag>false</mandatory-flag>
                <externally-managed-flag>false</externally-managed-flag>
                <min-length>0</min-length>
                <default-value>https://unpkg.com/cloudinary-video-player@1.3.3/dist/cld-video-player.min.css</default-value>
            </attribute-definition>
            <attribute-definition attribute-id="CLDVideoPlayerEnabled">
                <display-name xml:lang="x-default">Use Cloudinary Video Player</display-name>
                <description xml:lang="x-default">Enables the Cloudinary video player on the site. Cloudinary Videos Enabled should be true for this to work.</description>
                <type>boolean</type>
                <mandatory-flag>false</mandatory-flag>
                <externally-managed-flag>false</externally-managed-flag>
            </attribute-definition>
            <attribute-definition attribute-id="CLDVideoPlayerJSURL">
                <display-name xml:lang="x-default">Cloudinary Video Player Static JS URL</display-name>
                <description xml:lang="x-default">The URL for Cloudinary Video Player client side JS library.</description>
                <type>string</type>
                <mandatory-flag>false</mandatory-flag>
                <externally-managed-flag>false</externally-managed-flag>
                <min-length>0</min-length>
                <default-value>https://unpkg.com/cloudinary-video-player@1.3.3/dist/cld-video-player.min.js</default-value>
            </attribute-definition>
            <attribute-definition attribute-id="CLDVideoPlayerStyle">
                <display-name xml:lang="x-default">Cloudinary video player look and feel</display-name>
                <description xml:lang="x-default">Global look and feel for the Cloudinary video player.</description>
                <type>text</type>
                <mandatory-flag>false</mandatory-flag>
                <externally-managed-flag>false</externally-managed-flag>
            </attribute-definition>
            <attribute-definition attribute-id="CLDVideoTransformDPR">
                <display-name xml:lang="x-default">Cloudinary Video Transformation DPR</display-name>
                <description xml:lang="x-default">Default Device Pixel Ratio (DPR) settings for all site videos.</description>
                <type>enum-of-string</type>
                <mandatory-flag>false</mandatory-flag>
                <externally-managed-flag>false</externally-managed-flag>
                <value-definitions>
                    <value-definition default="true">
                        <display xml:lang="x-default">Auto</display>
                        <value>auto</value>
                    </value-definition>
                    <value-definition>
                        <display xml:lang="x-default">Do not use</display>
                        <value>null</value>
                    </value-definition>
                    <value-definition>
                        <display xml:lang="x-default">1</display>
                        <value>1</value>
                    </value-definition>
                    <value-definition>
                        <display xml:lang="x-default">2</display>
                        <value>2</value>
                    </value-definition>
                </value-definitions>
            </attribute-definition>
            <attribute-definition attribute-id="CLDVideoTransformFormat">
                <display-name xml:lang="x-default">Global Video Format</display-name>
                <description xml:lang="x-default">The default format for all videos delivered by Cloudinary.</description>
                <type>enum-of-string</type>
                <mandatory-flag>false</mandatory-flag>
                <externally-managed-flag>false</externally-managed-flag>
                <value-definitions>
                    <value-definition default="true">
                        <display xml:lang="x-default">Auto</display>
                        <value>auto</value>
                    </value-definition>
                    <value-definition>
                        <display xml:lang="x-default">Do not use</display>
                        <value>null</value>
                    </value-definition>
                    <value-definition>
                        <display xml:lang="x-default">MP4</display>
                        <value>mp4</value>
                    </value-definition>
                    <value-definition>
                        <display xml:lang="x-default">WEBM</display>
                        <value>webm</value>
                    </value-definition>
                </value-definitions>
            </attribute-definition>
            <attribute-definition attribute-id="CLDVideoTransformQuality">
                <display-name xml:lang="x-default">Global Video Quality</display-name>
                <description xml:lang="x-default">The default quality setting for all videos delivered by Cloudinary.</description>
                <type>enum-of-string</type>
                <mandatory-flag>false</mandatory-flag>
                <externally-managed-flag>false</externally-managed-flag>
                <value-definitions>
                    <value-definition default="true">
                        <display xml:lang="x-default">Auto</display>
                        <value>auto</value>
                    </value-definition>
                    <value-definition>
                        <display xml:lang="x-default">Do not use</display>
                        <value>null</value>
                    </value-definition>
                    <value-definition>
                        <display xml:lang="x-default">20%</display>
                        <value>20</value>
                    </value-definition>
                    <value-definition>
                        <display xml:lang="x-default">30%</display>
                        <value>30</value>
                    </value-definition>
                    <value-definition>
                        <display xml:lang="x-default">40%</display>
                        <value>40</value>
                    </value-definition>
                    <value-definition>
                        <display xml:lang="x-default">50%</display>
                        <value>50</value>
                    </value-definition>
                    <value-definition>
                        <display xml:lang="x-default">60%</display>
                        <value>60</value>
                    </value-definition>
                    <value-definition>
                        <display xml:lang="x-default">70%</display>
                        <value>70</value>
                    </value-definition>
                    <value-definition>
                        <display xml:lang="x-default">80%</display>
                        <value>80</value>
                    </value-definition>
                    <value-definition>
                        <display xml:lang="x-default">90%</display>
                        <value>90</value>
                    </value-definition>
                    <value-definition>
                        <display xml:lang="x-default">100%</display>
                        <value>100</value>
                    </value-definition>
                </value-definitions>
            </attribute-definition>
            <attribute-definition attribute-id="CLDVideoTransformation">
                <display-name xml:lang="x-default">Cloudinary Video Transformation</display-name>
                <description xml:lang="x-default">These transformations will apply to all videos delivered by Cloudinary.</description>
                <type>string</type>
                <mandatory-flag>false</mandatory-flag>
                <externally-managed-flag>false</externally-managed-flag>
                <min-length>0</min-length>
            </attribute-definition>
            <attribute-definition attribute-id="CLDMaxAssetUploadLimitMBs">
                <display-name xml:lang="x-default">Maximum upload limit for assets in MBs</display-name>
                <description xml:lang="x-default">Used to limit the size of assets uploaded to Cloudinary. Assets that are larger than this limit are skipped.</description>
                <type>int</type>
                <mandatory-flag>false</mandatory-flag>
                <externally-managed-flag>false</externally-managed-flag>
                <default-value>40</default-value>
            </attribute-definition>
            <attribute-definition attribute-id="CLDCatalogContentJobLastExecutionDate">
                <display-name xml:lang="x-default">Catalog Content Job Last Execution Date</display-name>
                <description xml:lang="x-default">Stores the last date that the ‘Cloudinary - Upload catalog assets’ job ran.</description>
                <type>date</type>
                <mandatory-flag>false</mandatory-flag>
                <externally-managed-flag>false</externally-managed-flag>
            </attribute-definition>
            <attribute-definition attribute-id="CLDContentLibraryJobLastExecutionDate">
                <display-name xml:lang="x-default">Content Library Job Last Execution Date</display-name>
                <description xml:lang="x-default">Stores the last date that the ‘Cloudinary - Upload content library assets’ job ran.</description>
                <type>date</type>
                <mandatory-flag>false</mandatory-flag>
                <externally-managed-flag>false</externally-managed-flag>
            </attribute-definition>
            <attribute-definition attribute-id="CLDReportingLogLevel">
                <display-name xml:lang="x-default">Reporting Log Level For Assets</display-name>
                <description xml:lang="x-default">Used to configure the log level.</description>
                <type>enum-of-string</type>
                <mandatory-flag>false</mandatory-flag>
                <externally-managed-flag>false</externally-managed-flag>
                <value-definitions>
                    <value-definition default="true">
                        <display xml:lang="x-default">Warn</display>
                        <value>1</value>
                    </value-definition>
                    <value-definition>
                        <display xml:lang="x-default">Info</display>
                        <value>2</value>
                    </value-definition>
                    <value-definition>
                        <display xml:lang="x-default">Debug</display>
                        <value>3</value>
                    </value-definition>
                </value-definitions>
            </attribute-definition>
            <attribute-definition attribute-id="CLDUploadPreset">
                <display-name xml:lang="x-default">Upload Preset</display-name>
                <description xml:lang="x-default">The upload preset to use while uploading assets to Cloudinary DAM.</description>
                <type>string</type>
                <mandatory-flag>false</mandatory-flag>
                <externally-managed-flag>false</externally-managed-flag>
                <min-length>0</min-length>
            </attribute-definition>
			<attribute-definition attribute-id="CLDRestServiceCredentialsID">
                <display-name xml:lang="x-default">Cloudinary Rest Service Credentials ID</display-name>
                <description xml:lang="x-default">The credentials id used by Cloudinary upload rest service.</description>
                <type>string</type>
                <mandatory-flag>true</mandatory-flag>
                <externally-managed-flag>false</externally-managed-flag>
                <min-length>0</min-length>
            </attribute-definition>
        </custom-attribute-definitions>
        <group-definitions>
            <attribute-group group-id="CloudinaryCoreConfigurations">
                <display-name xml:lang="x-default">Cloudinary Core Configurations</display-name>
                <attribute attribute-id="CLDEnabled"/>
                <attribute attribute-id="CLDBaseDeliveryPath"/>
                <attribute attribute-id="CLDCloudName"/>
                <attribute attribute-id="CLDAPIkey"/>
                <attribute attribute-id="CLDSecretKey"/>
                <attribute attribute-id="CLDImagePageTypeSettings"/>
                <attribute attribute-id="CLDCoreShrinkwrapJSURL"/>
                <attribute attribute-id="CLDGalleryJSURL"/>
                <attribute attribute-id="CLDVideoPlayerJSURL"/>
                <attribute attribute-id="CLDVideoPlayerCSSURL"/>
                <attribute attribute-id="CLDImagesBasePath"/>
                <attribute attribute-id="CLDHighResImageViewType"/>
                <attribute attribute-id="CLDSwatchImageViewType"/>
                <attribute attribute-id="CLDCatalogImagePath"/>
                <attribute attribute-id="CLDContentImagePath"/>
                <attribute attribute-id="CLDProductImagePath"/>
                <attribute attribute-id="CLDProductVideoPath"/>
				<attribute attribute-id="CLDRestServiceCredentialsID"/>
            </attribute-group>
            <attribute-group group-id="CloudinaryAssetManagementConfigurations">
                <display-name xml:lang="x-default">Cloudinary Asset Management Configurations</display-name>
                <attribute attribute-id="CLDCartridgeOperationMode"/>
                <attribute attribute-id="CLDAutoUploadMapping"/>
                <attribute attribute-id="CLDCartridgeContentOperationMode"/>
                <attribute attribute-id="CLDGalleryEnabled"/>
                <attribute attribute-id="CLDGalleryStyles"/>
                <attribute attribute-id="CLDVideoEnabled"/>
                <attribute attribute-id="CLDVideoPlayerEnabled"/>
                <attribute attribute-id="CLDIncludeVideosInPGW"/>
                <attribute attribute-id="CLDVideoPlayerStyle"/>
                <attribute attribute-id="CLDVideoCustomMappingEnabled"/>
                <attribute attribute-id="CLDVideoCustomMapPath"/>
                <attribute attribute-id="CLDVideoCustomMappingFormat"/>
                <attribute attribute-id="CLDProductAttributeForTags"/>
                <attribute attribute-id="CLDEnableSwatchOnPLP"/>
                <attribute attribute-id="CLDMetadataFilteringEndpoint"/>
                <attribute attribute-id="CLDSMDKey"/>
                <attribute attribute-id="CLDSMDValue"/>
            </attribute-group>
            <attribute-group group-id="CloudinaryTransformationConfigurations">
                <display-name xml:lang="x-default">Cloudinary Transformation Configurations</display-name>
                <attribute attribute-id="CLDImageTransformation"/>
                <attribute attribute-id="CLDImageTransformFormat"/>
                <attribute attribute-id="CLDImageTransformDPR"/>
                <attribute attribute-id="CLDImageTransformQuality"/>
                <attribute attribute-id="CLDVideoTransformation"/>
                <attribute attribute-id="CLDVideoTransformFormat"/>
                <attribute attribute-id="CLDVideoTransformQuality"/>
            </attribute-group>
            <attribute-group group-id="Cloudinary Jobs Configurations">
                <display-name xml:lang="x-default">Cloudinary Jobs Configurations</display-name>
                <attribute attribute-id="CLDReportingLogLevel"/>
                <attribute attribute-id="CLDMaxAssetUploadLimitMBs"/>
                <attribute attribute-id="CLDContentLibraryJobLastExecutionDate"/>
                <attribute attribute-id="CLDCatalogContentJobLastExecutionDate"/>
                <attribute attribute-id="CLDUploadPreset"/>
            </attribute-group>
        </group-definitions>
    </type-extension>
</metadata>
