<?xml version="1.0" encoding="UTF-8"?>
<preferences xmlns="http://www.demandware.com/xml/impex/preferences/2007-03-31">
    <custom-preferences>
        <all-instances>
			<preference preference-id="CLDGalleryStyles">{
   "container":"#cld-gallery",
   "thumbnailProps":{
      "width":75,
      "height":75,
      "spacing":4,
      "navigationColor":"red"
   },
   "carouselStyle":"thumbnails",
   "carouselLocation":"left",
   "viewportBreakpoints":[
      {
         "breakpoint":600,
         "carouselStyle":"indicators",
         "carouselLocation":"bottom"
      }
   ],
   "sortProps":{
      "source":"metadata",
      "id":"sfcc-gallery-position",
      "direction":"asc"
   },
  "accessibilityProps":{
        "mediaAltSource": "metadata",
        "mediaAltId":  "pvsvutkpd1ghxio8arwj"
   }  
}</preference>
            <preference preference-id="CLDImagePageTypeSettings">{
   "pdp":{
      "enabled":true
   },
   "plp":{
      "enabled":true,
	  "automateResponsivenessWithJS": true,
      "autoResponsiveDimensions": "w_auto,c_scale",
      "dimensions": "w_250",
      "breakpoints": {
         "size200w": {
             "style": "(max-width: 480px) 200px",
             "width": "200",
             "height": "300"
         },
         "size113w": {
             "style": "(max-width: 768px) 113px",
             "width": "200",
             "height": "150"
          }
      }
   },
    "cldPdpSwatch":{
      "enabled":true
   },
   "cldPlpSwatch":{
      "enabled":true
   },
  "searchSuggestions":{
      "enabled":true
   },
   "cart":{
      "enabled":true
   },
   "miniCart":{
      "enabled":true
   },
   "checkout":{
      "enabled":true
   },
   "orderConfirmation":{
      "enabled":true
   },
   "categoryBanner":{
      "enabled":true
   },
   "cldhomePageProductTile":{
      "enabled":true
   },
   "recommendationTile":{
      "enabled":true
   },
   "quickview":{
      "enabled":true
   },
   "cldProductNav":{
      "enabled":true
   },
   "cldCartProductTile":{
      "enabled":true
   },
   "orderHistory":{
      "enabled":true
   }
}</preference>
            <preference preference-id="CLDVideoPlayerStyle">{ 
			"fluid": true, "controls": true, "fontFace": "Boogaloo", "skin": "light", "controlBar": { "fullscreenToggle": false }, "colors": { "base": "#000000", "accent": "#180cff", "text": "#ffffff"}, "hideContextMenu": true }
</preference>
<preference preference-id="CLDCartridgeVersion">23.1.0</preference>
	</all-instances>
		</custom-preferences>
</preferences>
