<?xml version="1.0" encoding="UTF-8"?>
<catalog xmlns="http://www.demandware.com/xml/impex/catalog/2006-10-31" catalog-id="apparel-m-catalog">
	<header>
        <image-settings>
            <view-types>
                <view-type>large</view-type>
                <view-type>medium</view-type>
                <view-type>small</view-type>
                <view-type>swatch</view-type>
                <view-type>hi-res</view-type>
				<view-type>video</view-type>
            </view-types>
        </image-settings>
    </header>
</catalog>