<?xml version="1.0" encoding="UTF-8"?>
<library xmlns="http://www.demandware.com/xml/impex/library/2006-10-31" library-id="RefArchSharedLibrary">
    <content content-id="home-main">
        <display-name xml:lang="x-default">Home Main</display-name>
        <display-name xml:lang="fr-FR">Accueil principal</display-name>
        <display-name xml:lang="it-IT">Pagina principale Uomo</display-name>
        <display-name xml:lang="ja-JP">ホームメイン</display-name>
        <display-name xml:lang="zh-CN">首页主要</display-name>
        <description xml:lang="x-default">Container for Home Page main image.</description>
        <description xml:lang="fr-FR">Conteneur de l'image principale de la page d'accueil.</description>
        <description xml:lang="it-IT">Riquadro per immagine principale Pagina principale.</description>
        <description xml:lang="ja-JP">ホームページのメイン画像のコンテナ。</description>
        <description xml:lang="zh-CN">主页主图片的容器。</description>
        <online-flag>true</online-flag>
        <searchable-flag>false</searchable-flag>
        <page-attributes/>
        <custom-attributes>
            <custom-attribute attribute-id="body" xml:lang="x-default">&lt;style&gt;&#13;
@media (max-width: 543px) {&#13;
    .main-callout {&#13;
        background-image: url($Include('Cloudinary-GetContentImage', 'url', 'images/homepage/homepage-4/small.jpg', 'pageType', 'homePage', 'isUrl', true)$);&#13;
    }&#13;
}&#13;
@media (max-width: 768px) and (min-width: 544px) {&#13;
    .main-callout {&#13;
        background-image: url($Include('Cloudinary-GetContentImage', 'url', 'images/homepage/homepage-4/medium.jpg', 'pageType', 'homePage', 'isUrl', true)$);&#13;
    }&#13;
}&#13;
@media (min-width: 992px) {&#13;
    .main-callout {&#13;
        background-image: url($Include('Cloudinary-GetContentImage', 'url', 'images/homepage/homepage-4/large.jpg', 'pageType', 'homePage', 'isUrl', true)$);&#13;
    }&#13;
}&#13;
&lt;/style&gt;&#13;
&lt;div class="hero main-callout"&gt;&#13;
&lt;h1 class="page-title"&gt;Summer Style&lt;/h1&gt;&#13;
&lt;/div&gt;</custom-attribute>
            <custom-attribute attribute-id="body" xml:lang="fr-FR">&lt;style&gt;
@media (max-width: 543px) {
    .main-callout {
        background-image: url(images/homepage/homepage-4/small.jpg?$staticlink$);
    }
}
@media (max-width: 768px) and (min-width: 544px) {
    .main-callout {
        background-image: url(images/homepage/homepage-4/medium.jpg?$staticlink$);
    }
}
@media (min-width: 992px) {
    .main-callout {
        background-image: url(images/homepage/homepage-4/large.jpg?$staticlink$);
    }
}
&lt;/style&gt;
&lt;div class="hero main-callout"&gt;
&lt;h1 class="page-title"&gt;Style estival&lt;/h1&gt;
&lt;/div&gt;</custom-attribute>
            <custom-attribute attribute-id="body" xml:lang="it-IT">&lt;style&gt;
@media (max-width: 543px) {
    .main-callout {
        background-image: url(images/homepage/homepage-4/small.jpg?$staticlink$);
    }
}
@media (max-width: 768px) and (min-width: 544px) {
    .main-callout {
        background-image: url(images/homepage/homepage-4/medium.jpg?$staticlink$);
    }
}
@media (min-width: 992px) {
    .main-callout {
        background-image: url(images/homepage/homepage-4/large.jpg?$staticlink$);
    }
}
&lt;/style&gt;
&lt;div class="hero main-callout"&gt;
&lt;h1 class="page-title"&gt;Stile estivo&lt;/h1&gt;
&lt;/div&gt;</custom-attribute>
            <custom-attribute attribute-id="body" xml:lang="ja-JP">&lt;style&gt;
@media (max-width: 543px) {
    .main-callout {
        background-image: url(images/homepage/homepage-4/small.jpg?$staticlink$);
    }
}
@media (max-width: 768px) and (min-width: 544px) {
    .main-callout {
        background-image: url(images/homepage/homepage-4/medium.jpg?$staticlink$);
    }
}
@media (min-width: 992px) {
    .main-callout {
        background-image: url(images/homepage/homepage-4/large.jpg?$staticlink$);
    }
}
&lt;/style&gt;
&lt;div class="hero main-callout"&gt;
&lt;h1 class="page-title"&gt;夏のスタイル&lt;/h1&gt;
&lt;/div&gt;</custom-attribute>
            <custom-attribute attribute-id="body" xml:lang="zh-CN">&lt;style&gt;
@media (max-width: 543px) {
    .main-callout {
        background-image: url(images/homepage/homepage-4/small.jpg?$staticlink$);
    }
}
@media (max-width: 768px) and (min-width: 544px) {
    .main-callout {
        background-image: url(images/homepage/homepage-4/medium.jpg?$staticlink$);
    }
}
@media (min-width: 992px) {
    .main-callout {
        background-image: url(images/homepage/homepage-4/large.jpg?$staticlink$);
    }
}
&lt;/style&gt;
&lt;div class="hero main-callout"&gt;
&lt;h1 class="page-title"&gt;夏装样式&lt;/h1&gt;
&lt;/div&gt;</custom-attribute>
        </custom-attributes>
        <folder-links>
            <classification-link folder-id="home-page"/>
        </folder-links>
    </content>
    
    <content content-id="home-product-set-content">
        <display-name xml:lang="x-default">home product set content</display-name>
        <display-name xml:lang="fr-FR">contenu ensemble des produits de l'accueil</display-name>
        <display-name xml:lang="it-IT">contenuto set di prodotti della home page</display-name>
        <display-name xml:lang="ja-JP">ホーム商品セットコンテンツ</display-name>
        <display-name xml:lang="zh-CN">主页产品组合内容</display-name>
        <description xml:lang="x-default">Content shown on the homepage that will reveal product tiles of products assigned to the 'home-product-set' slot.</description>
        <description xml:lang="fr-FR">Contenu affiché sur la page d'accueil qui correspond à une mosaïque des produits associés au slot 'ensemble-produits-accueil'.</description>
        <description xml:lang="it-IT">Contenuto visualizzato nella home page che mostra i riquadri dei prodotti assegnati allo slot 'home-product-set'.</description>
        <description xml:lang="ja-JP">ホームページに表示されるコンテンツで、'home-product-set' スロットに割り当てた商品の商品タイルを表示します。</description>
        <description xml:lang="zh-CN">主页显示的内容（将显示分配给“主页-产品-组”动态内容的产品的产品板块）。</description>
        <online-flag>true</online-flag>
        <searchable-flag>false</searchable-flag>
        <page-attributes/>
        <custom-attributes>
            <custom-attribute attribute-id="body" xml:lang="x-default">&lt;style&gt;&#13;
@media (max-width: 543px) {&#13;
    .shop-the-style .hero {&#13;
        background-image: url($Include('Cloudinary-GetContentImage', 'url', 'images/homepage/homepage-2/small.jpg', 'pageType', 'homePage', 'isUrl', true)$);&#13;
    }&#13;
}&#13;
@media (max-width: 768px) and (min-width: 544px) {&#13;
    .shop-the-style .hero {&#13;
        background-image: url($Include('Cloudinary-GetContentImage', 'url', 'images/homepage/homepage-2/medium.jpg', 'pageType', 'homePage', 'isUrl', true)$);&#13;
    }&#13;
}&#13;
@media (min-width: 992px) {&#13;
    .shop-the-style .hero {&#13;
        background-image: url($Include('Cloudinary-GetContentImage', 'url', 'images/homepage/homepage-2/large.jpg', 'pageType', 'homePage', 'isUrl', true)$);&#13;
    }&#13;
}&#13;
&lt;/style&gt;&#13;
&lt;a href="$url('Home-Show')$"&gt;&#13;
&lt;div class="hero slant-up"&gt;&#13;
&lt;h1 class="page-title"&gt;Shop the Style&lt;/h1&gt;&#13;
&lt;/div&gt;&#13;
&lt;/a&gt;</custom-attribute>
            <custom-attribute attribute-id="body" xml:lang="fr-FR">&lt;style&gt;
@media (max-width: 543px) {
    .shop-the-style .hero {
        background-image: url(images/homepage/homepage-2/small.jpg?$staticlink$);
    }
}
@media (max-width: 768px) and (min-width: 544px) {
    .shop-the-style .hero {
        background-image: url(images/homepage/homepage-2/medium.jpg?$staticlink$);
    }
}
@media (min-width: 992px) {
    .shop-the-style .hero {
        background-image: url(images/homepage/homepage-2/large.jpg?$staticlink$);
    }
}
&lt;/style&gt;
&lt;a href="$url('Home-Show')$"&gt;
&lt;div class="hero slant-up"&gt;
&lt;h1 class="page-title"&gt;Acheter ce style&lt;/h1&gt;
&lt;/div&gt;
&lt;/a&gt;</custom-attribute>
            <custom-attribute attribute-id="body" xml:lang="it-IT">&lt;style&gt;
@media (max-width: 543px) {
    .shop-the-style .hero {
        background-image: url(images/homepage/homepage-2/small.jpg?$staticlink$);
    }
}
@media (max-width: 768px) and (min-width: 544px) {
    .shop-the-style .hero {
        background-image: url(images/homepage/homepage-2/medium.jpg?$staticlink$);
    }
}
@media (min-width: 992px) {
    .shop-the-style .hero {
        background-image: url(images/homepage/homepage-2/large.jpg?$staticlink$);
    }
}
&lt;/style&gt;
&lt;a href="$url('Home-Show')$"&gt;
&lt;div class="hero slant-up"&gt;
&lt;h1 class="page-title"&gt;Acquista lo stile&lt;/h1&gt;
&lt;/div&gt;
&lt;/a&gt;</custom-attribute>
            <custom-attribute attribute-id="body" xml:lang="ja-JP">&lt;style&gt;
@media (max-width: 543px) {
    .shop-the-style .hero {
        background-image: url(images/homepage/homepage-2/small.jpg?$staticlink$);
    }
}
@media (max-width: 768px) and (min-width: 544px) {
    .shop-the-style .hero {
        background-image: url(images/homepage/homepage-2/medium.jpg?$staticlink$);
    }
}
@media (min-width: 992px) {
    .shop-the-style .hero {
        background-image: url(images/homepage/homepage-2/large.jpg?$staticlink$);
    }
}
&lt;/style&gt;
&lt;a href="$url('Home-Show')$"&gt;
&lt;div class="hero slant-up"&gt;
&lt;h1 class="page-title"&gt;お好みのスタイルをチョイス&lt;/h1&gt;
&lt;/div&gt;
&lt;/a&gt;</custom-attribute>
            <custom-attribute attribute-id="body" xml:lang="zh-CN">&lt;style&gt;
@media (max-width: 543px) {
    .shop-the-style .hero {
        background-image: url(images/homepage/homepage-2/small.jpg?$staticlink$);
    }
}
@media (max-width: 768px) and (min-width: 544px) {
    .shop-the-style .hero {
        background-image: url(images/homepage/homepage-2/medium.jpg?$staticlink$);
    }
}
@media (min-width: 992px) {
    .shop-the-style .hero {
        background-image: url(images/homepage/homepage-2/large.jpg?$staticlink$);
    }
}
&lt;/style&gt;
&lt;a href="$url('Home-Show')$"&gt;
&lt;div class="hero slant-up"&gt;
&lt;h1 class="page-title"&gt;购买款式&lt;/h1&gt;
&lt;/div&gt;
&lt;/a&gt;</custom-attribute>
        </custom-attributes>
    </content>

    <content content-id="home-categories">
        <display-name xml:lang="x-default">Home  Categories</display-name>
        <display-name xml:lang="fr-FR">Accueil  Catégories</display-name>
        <display-name xml:lang="it-IT">Categorie pagina principale</display-name>
        <display-name xml:lang="ja-JP">ホーム カテゴリ</display-name>
        <display-name xml:lang="zh-CN">主页分类</display-name>
        <description xml:lang="x-default">Container for Home Page categories slots.</description>
        <description xml:lang="fr-FR">Conteneur des slots de catégories de la page d'accueil.</description>
        <description xml:lang="it-IT">Riquadro per slot categorie Pagina principale.</description>
        <description xml:lang="ja-JP">ホームページのカテゴリスロットのコンテナ</description>
        <description xml:lang="zh-CN">主页分类动态内容的容器。</description>
        <online-flag>true</online-flag>
        <searchable-flag>false</searchable-flag>
        <page-attributes/>
        <custom-attributes>
            <custom-attribute attribute-id="body" xml:lang="x-default">&lt;style&gt;&#13;
@media (max-width: 543px) {&#13;
    .womens-dresses {&#13;
        background-image: url($Include('Cloudinary-GetContentImage', 'url', 'images/homepage/homepage-5/small.jpg', 'pageType', 'homePage', 'isUrl', true)$);&#13;
    }&#13;
    .womens-jewelry {&#13;
        background-image: url($Include('Cloudinary-GetContentImage', 'url', 'images/homepage/homepage-6/small.jpg', 'pageType', 'homePage', 'isUrl', true)$);&#13;
    }&#13;
    .shop-red {&#13;
        background-image: url($Include('Cloudinary-GetContentImage', 'url', 'images/homepage/homepage-1/small.jpg', 'pageType', 'homePage', 'isUrl', true)$);&#13;
    }&#13;
    .mens-jackets {&#13;
        background-image: url($Include('Cloudinary-GetContentImage', 'url', 'images/homepage/homepage-3/small.jpg', 'pageType', 'homePage', 'isUrl', true)$);&#13;
    }&#13;
}&#13;
@media (max-width: 768px) and (min-width: 544px) {&#13;
    .womens-dresses {&#13;
        background-image: url($Include('Cloudinary-GetContentImage', 'url', 'images/homepage/homepage-5/medium.jpg', 'pageType', 'homePage', 'isUrl', true)$);&#13;
    }&#13;
    .womens-jewelry {&#13;
        background-image: url($Include('Cloudinary-GetContentImage', 'url', 'images/homepage/homepage-6/medium.jpg', 'pageType', 'homePage', 'isUrl', true)$);&#13;
    }&#13;
    .shop-red {&#13;
        background-image: url($Include('Cloudinary-GetContentImage', 'url', 'images/homepage/homepage-1/medium.jpg', 'pageType', 'homePage', 'isUrl', true)$);&#13;
    }&#13;
}&#13;
@media (min-width: 544px) {&#13;
    .mens-jackets {&#13;
        background-image: url($Include('Cloudinary-GetContentImage', 'url', 'images/homepage/homepage-3/large.jpg', 'pageType', 'homePage', 'isUrl', true)$);&#13;
    }&#13;
}&#13;
@media (min-width: 992px) {&#13;
    .womens-dresses {&#13;
        background-image: url($Include('Cloudinary-GetContentImage', 'url', 'images/homepage/homepage-5/large.jpg', 'pageType', 'homePage', 'isUrl', true)$);&#13;
    }&#13;
    .womens-jewelry {&#13;
        background-image: url($Include('Cloudinary-GetContentImage', 'url', 'images/homepage/homepage-6/large.jpg', 'pageType', 'homePage', 'isUrl', true)$);&#13;
    }&#13;
    .shop-red {&#13;
        background-image: url($Include('Cloudinary-GetContentImage', 'url', 'images/homepage/homepage-1/large.jpg', 'pageType', 'homePage', 'isUrl', true)$);&#13;
    }&#13;
}&#13;
&lt;/style&gt;&#13;
&#13;
&lt;div class="col-sm-8"&gt;&#13;
  &lt;div class="row no-gutters"&gt;&#13;
    &lt;div class="col-sm-6"&gt;&#13;
      &lt;a href="$url('Search-Show','cgid','womens-clothing-dresses')$"&gt;&#13;
        &lt;div class="womens-dresses half-height category-tile"&gt;&#13;
          &lt;h2 class="hp-category-message"&gt;&#13;
            Women's Dresses&#13;
          &lt;/h2&gt;&#13;
        &lt;/div&gt;&#13;
      &lt;/a&gt;&#13;
    &lt;/div&gt;&#13;
    &lt;div class="col-sm-6"&gt;&#13;
      &lt;a href="$url('Search-Show','cgid','womens-jewelry')$"&gt;&#13;
        &lt;div class="womens-jewelry half-height category-tile"&gt;&#13;
          &lt;h2 class="hp-category-message"&gt;&#13;
            Women's Jewelry&#13;
          &lt;/h2&gt;&#13;
        &lt;/div&gt;&#13;
      &lt;/a&gt;&#13;
    &lt;/div&gt;&#13;
  &lt;/div&gt;&#13;
  &lt;div class="row"&gt;&#13;
    &lt;div class="col"&gt;&#13;
      &lt;a href="$url('Search-Show','cgid','womens-clothing-feeling-red')$"&gt;&#13;
        &lt;div class="shop-red half-height category-tile"&gt;&#13;
          &lt;h2 class="hp-promotion-message"&gt;&#13;
            Shop Red&#13;
          &lt;/h2&gt;&#13;
        &lt;/div&gt;&#13;
      &lt;/a&gt;&#13;
    &lt;/div&gt;&#13;
  &lt;/div&gt;&#13;
&lt;/div&gt;&#13;
&lt;div class="col"&gt;&#13;
  &lt;a href="$url('Search-Show','cgid','mens-clothing-jackets')$"&gt;&#13;
    &lt;div class="mens-jackets full-height category-tile"&gt;&#13;
        &lt;h2 class="hp-category-message"&gt;&#13;
            Men's Jackets&#13;
        &lt;/h2&gt;&#13;
    &lt;/div&gt;&#13;
  &lt;/a&gt;&#13;
&lt;/div&gt;</custom-attribute>
            <custom-attribute attribute-id="body" xml:lang="fr-FR">&lt;style&gt;
@media (max-width: 543px) {
    .womens-dresses {
        background-image: url(images/homepage/homepage-5/small.jpg?$staticlink$);
    }
    .womens-jewelry {
        background-image: url(images/homepage/homepage-6/small.jpg?$staticlink$);
    }
    .shop-red {
        background-image: url(images/homepage/homepage-1/small.jpg?$staticlink$);
    }
    .mens-jackets {
        background-image: url(images/homepage/homepage-3/small.jpg?$staticlink$);
    }
}
@media (max-width: 768px) and (min-width: 544px) {
    .womens-dresses {
        background-image: url(images/homepage/homepage-5/medium.jpg?$staticlink$);
    }
    .womens-jewelry {
        background-image: url(images/homepage/homepage-6/medium.jpg?$staticlink$);
    }
    .shop-red {
        background-image: url(images/homepage/homepage-1/medium.jpg?$staticlink$);
    }
}
@media (min-width: 544px) {
    .mens-jackets {
        background-image: url(images/homepage/homepage-3/large.jpg?$staticlink$);
    }
}
@media (min-width: 992px) {
    .womens-dresses {
        background-image: url(images/homepage/homepage-5/large.jpg?$staticlink$);
    }
    .womens-jewelry {
        background-image: url(images/homepage/homepage-6/large.jpg?$staticlink$);
    }
    .shop-red {
        background-image: url(images/homepage/homepage-1/large.jpg?$staticlink$);
    }
}
&lt;/style&gt;

&lt;div class="col-sm-8"&gt;
  &lt;div class="row no-gutters"&gt;
    &lt;div class="col-sm-6"&gt;
      &lt;a href="$url('Search-Show','cgid','womens-clothing-dresses')$"&gt;
        &lt;div class="womens-dresses half-height category-tile"&gt;
          &lt;h2 class="hp-category-message"&gt;
            Robes Femmes
          &lt;/h2&gt;
        &lt;/div&gt;
      &lt;/a&gt;
    &lt;/div&gt;
    &lt;div class="col-sm-6"&gt;
      &lt;a href="$url('Search-Show','cgid','womens-jewelry')$"&gt;
        &lt;div class="womens-jewelry half-height category-tile"&gt;
          &lt;h2 class="hp-category-message"&gt;
            Bijoux Femmes
          &lt;/h2&gt;
        &lt;/div&gt;
      &lt;/a&gt;
    &lt;/div&gt;
  &lt;/div&gt;
  &lt;div class="row"&gt;
    &lt;div class="col"&gt;
      &lt;a href="$url('Search-Show','cgid','newarrivals')$"&gt;
        &lt;div class="shop-red half-height category-tile"&gt;
          &lt;h2 class="hp-promotion-message"&gt;
            Acheter des articles rouges
          &lt;/h2&gt;
        &lt;/div&gt;
      &lt;/a&gt;
    &lt;/div&gt;
  &lt;/div&gt;
&lt;/div&gt;
&lt;div class="col"&gt;
  &lt;a href="$url('Search-Show','cgid','mens-clothing-jackets')$"&gt;
    &lt;div class="mens-jackets full-height category-tile"&gt;
        &lt;h2 class="hp-category-message"&gt;
            Vestes Hommes
        &lt;/h2&gt;
    &lt;/div&gt;
  &lt;/a&gt;
&lt;/div&gt;</custom-attribute>
            <custom-attribute attribute-id="body" xml:lang="it-IT">&lt;style&gt;
@media (max-width: 543px) {
    .womens-dresses {
        background-image: url(images/homepage/homepage-5/small.jpg?$staticlink$);
    }
    .womens-jewelry {
        background-image: url(images/homepage/homepage-6/small.jpg?$staticlink$);
    }
    .shop-red {
        background-image: url(images/homepage/homepage-1/small.jpg?$staticlink$);
    }
    .mens-jackets {
        background-image: url(images/homepage/homepage-3/small.jpg?$staticlink$);
    }
}
@media (max-width: 768px) and (min-width: 544px) {
    .womens-dresses {
        background-image: url(images/homepage/homepage-5/medium.jpg?$staticlink$);
    }
    .womens-jewelry {
        background-image: url(images/homepage/homepage-6/medium.jpg?$staticlink$);
    }
    .shop-red {
        background-image: url(images/homepage/homepage-1/medium.jpg?$staticlink$);
    }
}
@media (min-width: 544px) {
    .mens-jackets {
        background-image: url(images/homepage/homepage-3/large.jpg?$staticlink$);
    }
}
@media (min-width: 992px) {
    .womens-dresses {
        background-image: url(images/homepage/homepage-5/large.jpg?$staticlink$);
    }
    .womens-jewelry {
        background-image: url(images/homepage/homepage-6/large.jpg?$staticlink$);
    }
    .shop-red {
        background-image: url(images/homepage/homepage-1/large.jpg?$staticlink$);
    }
}
&lt;/style&gt;

&lt;div class="col-sm-8"&gt;
  &lt;div class="row no-gutters"&gt;
    &lt;div class="col-sm-6"&gt;
      &lt;a href="$url('Search-Show','cgid','womens-clothing-dresses')$"&gt;
        &lt;div class="womens-dresses half-height category-tile"&gt;
          &lt;h2 class="hp-category-message"&gt;
            Vestiti da donna
          &lt;/h2&gt;
        &lt;/div&gt;
      &lt;/a&gt;
    &lt;/div&gt;
    &lt;div class="col-sm-6"&gt;
      &lt;a href="$url('Search-Show','cgid','womens-jewelry')$"&gt;
        &lt;div class="womens-jewelry half-height category-tile"&gt;
          &lt;h2 class="hp-category-message"&gt;
            Gioielli da donna
          &lt;/h2&gt;
        &lt;/div&gt;
      &lt;/a&gt;
    &lt;/div&gt;
  &lt;/div&gt;
  &lt;div class="row"&gt;
    &lt;div class="col"&gt;
      &lt;a href="$url('Search-Show','cgid','newarrivals')$"&gt;
        &lt;div class="shop-red half-height category-tile"&gt;
          &lt;h2 class="hp-promotion-message"&gt;
            Acquista rosso
          &lt;/h2&gt;
        &lt;/div&gt;
      &lt;/a&gt;
    &lt;/div&gt;
  &lt;/div&gt;
&lt;/div&gt;
&lt;div class="col"&gt;
  &lt;a href="$url('Search-Show','cgid','mens-clothing-jackets')$"&gt;
    &lt;div class="mens-jackets full-height category-tile"&gt;
        &lt;h2 class="hp-category-message"&gt;
            Giacche da uomo
        &lt;/h2&gt;
    &lt;/div&gt;
  &lt;/a&gt;
&lt;/div&gt;</custom-attribute>
            <custom-attribute attribute-id="body" xml:lang="ja-JP">&lt;style&gt;
@media (max-width: 543px) {
    .womens-dresses {
        background-image: url(images/homepage/homepage-5/small.jpg?$staticlink$);
    }
    .womens-jewelry {
        background-image: url(images/homepage/homepage-6/small.jpg?$staticlink$);
    }
    .shop-red {
        background-image: url(images/homepage/homepage-1/small.jpg?$staticlink$);
    }
    .mens-jackets {
        background-image: url(images/homepage/homepage-3/small.jpg?$staticlink$);
    }
}
@media (max-width: 768px) and (min-width: 544px) {
    .womens-dresses {
        background-image: url(images/homepage/homepage-5/medium.jpg?$staticlink$);
    }
    .womens-jewelry {
        background-image: url(images/homepage/homepage-6/medium.jpg?$staticlink$);
    }
    .shop-red {
        background-image: url(images/homepage/homepage-1/medium.jpg?$staticlink$);
    }
}
@media (min-width: 544px) {
    .mens-jackets {
        background-image: url(images/homepage/homepage-3/large.jpg?$staticlink$);
    }
}
@media (min-width: 992px) {
    .womens-dresses {
        background-image: url(images/homepage/homepage-5/large.jpg?$staticlink$);
    }
    .womens-jewelry {
        background-image: url(images/homepage/homepage-6/large.jpg?$staticlink$);
    }
    .shop-red {
        background-image: url(images/homepage/homepage-1/large.jpg?$staticlink$);
    }
}
&lt;/style&gt;

&lt;div class="col-sm-8"&gt;
  &lt;div class="row no-gutters"&gt;
    &lt;div class="col-sm-6"&gt;
      &lt;a href="$url('Search-Show','cgid','womens-clothing-dresses')$"&gt;
        &lt;div class="womens-dresses half-height category-tile"&gt;
          &lt;h2 class="hp-category-message"&gt;
            レディースワンピース
          &lt;/h2&gt;
        &lt;/div&gt;
      &lt;/a&gt;
    &lt;/div&gt;
    &lt;div class="col-sm-6"&gt;
      &lt;a href="$url('Search-Show','cgid','womens-jewelry')$"&gt;
        &lt;div class="womens-jewelry half-height category-tile"&gt;
          &lt;h2 class="hp-category-message"&gt;
            レディースジュエリー
          &lt;/h2&gt;
        &lt;/div&gt;
      &lt;/a&gt;
    &lt;/div&gt;
  &lt;/div&gt;
  &lt;div class="row"&gt;
    &lt;div class="col"&gt;
      &lt;a href="$url('Search-Show','cgid','newarrivals')$"&gt;
        &lt;div class="shop-red half-height category-tile"&gt;
          &lt;h2 class="hp-promotion-message"&gt;
            レッド系のお買い物
          &lt;/h2&gt;
        &lt;/div&gt;
      &lt;/a&gt;
    &lt;/div&gt;
  &lt;/div&gt;
&lt;/div&gt;
&lt;div class="col"&gt;
  &lt;a href="$url('Search-Show','cgid','mens-clothing-jackets')$"&gt;
    &lt;div class="mens-jackets full-height category-tile"&gt;
        &lt;h2 class="hp-category-message"&gt;
            メンズジャケット
        &lt;/h2&gt;
    &lt;/div&gt;
  &lt;/a&gt;
&lt;/div&gt;</custom-attribute>
            <custom-attribute attribute-id="body" xml:lang="zh-CN">&lt;style&gt;
@media (max-width: 543px) {
    .womens-dresses {
        background-image: url(images/homepage/homepage-5/small.jpg?$staticlink$);
    }
    .womens-jewelry {
        background-image: url(images/homepage/homepage-6/small.jpg?$staticlink$);
    }
    .shop-red {
        background-image: url(images/homepage/homepage-1/small.jpg?$staticlink$);
    }
    .mens-jackets {
        background-image: url(images/homepage/homepage-3/small.jpg?$staticlink$);
    }
}
@media (max-width: 768px) and (min-width: 544px) {
    .womens-dresses {
        background-image: url(images/homepage/homepage-5/medium.jpg?$staticlink$);
    }
    .womens-jewelry {
        background-image: url(images/homepage/homepage-6/medium.jpg?$staticlink$);
    }
    .shop-red {
        background-image: url(images/homepage/homepage-1/medium.jpg?$staticlink$);
    }
}
@media (min-width: 544px) {
    .mens-jackets {
        background-image: url(images/homepage/homepage-3/large.jpg?$staticlink$);
    }
}
@media (min-width: 992px) {
    .womens-dresses {
        background-image: url(images/homepage/homepage-5/large.jpg?$staticlink$);
    }
    .womens-jewelry {
        background-image: url(images/homepage/homepage-6/large.jpg?$staticlink$);
    }
    .shop-red {
        background-image: url(images/homepage/homepage-1/large.jpg?$staticlink$);
    }
}
&lt;/style&gt;

&lt;div class="col-sm-8"&gt;
  &lt;div class="row no-gutters"&gt;
    &lt;div class="col-sm-6"&gt;
      &lt;a href="$url('Search-Show','cgid','womens-clothing-dresses')$"&gt;
        &lt;div class="womens-dresses half-height category-tile"&gt;
          &lt;h2 class="hp-category-message"&gt;
            女士连衣裙
          &lt;/h2&gt;
        &lt;/div&gt;
      &lt;/a&gt;
    &lt;/div&gt;
    &lt;div class="col-sm-6"&gt;
      &lt;a href="$url('Search-Show','cgid','womens-jewelry')$"&gt;
        &lt;div class="womens-jewelry half-height category-tile"&gt;
          &lt;h2 class="hp-category-message"&gt;
            女士珠宝
          &lt;/h2&gt;
        &lt;/div&gt;
      &lt;/a&gt;
    &lt;/div&gt;
  &lt;/div&gt;
  &lt;div class="row"&gt;
    &lt;div class="col"&gt;
      &lt;a href="$url('Search-Show','cgid','newarrivals')$"&gt;
        &lt;div class="shop-red half-height category-tile"&gt;
          &lt;h2 class="hp-promotion-message"&gt;
            购买红色
          &lt;/h2&gt;
        &lt;/div&gt;
      &lt;/a&gt;
    &lt;/div&gt;
  &lt;/div&gt;
&lt;/div&gt;
&lt;div class="col"&gt;
  &lt;a href="$url('Search-Show','cgid','mens-clothing-jackets')$"&gt;
    &lt;div class="mens-jackets full-height category-tile"&gt;
        &lt;h2 class="hp-category-message"&gt;
            男士夹克
        &lt;/h2&gt;
    &lt;/div&gt;
  &lt;/a&gt;
&lt;/div&gt;</custom-attribute>
        </custom-attributes>
    </content>

    <content content-id="search-result-banner">
        <display-name xml:lang="x-default">Search Result Banner</display-name>
        <description xml:lang="x-default">Banner for search result page</description>
        <online-flag>true</online-flag>
        <searchable-flag>true</searchable-flag>
        <page-attributes/>
        <custom-attributes>
            <custom-attribute attribute-id="body" xml:lang="x-default">&lt;div class="hero slant-down search-banner" style="background-image: url($Include('Cloudinary-GetContentImage', 'url', 'images/SearchBanner/search.jpg', 'pageType', 'categoryBanner', 'isUrl', true)$)"&gt;&#13;
                    &lt;h1 class="header page-title"&gt;&#13;
                        Search&#13;
                    &lt;/h1&gt;&#13;
                &lt;/div&gt;</custom-attribute>
        </custom-attributes>
    </content>
    
    <content content-id="about-us">
        <display-name xml:lang="x-default">About Us</display-name>
        <description xml:lang="x-default">It all started with a series of observations: eCommerce merchandising and marketing innovation is what generates revenue, yet most operations are spending 80% of their budgets simply maintaining current infrastructure. The pace of ecommerce accelerates daily, but most operations are scrambling only to stand still. Merchandisers and marketers are supremely frustrated, spending more time chasing outsourced providers and internal IT organizations than actually merchandising and marketing their own businesses. There had to be a better way...</description>
        <online-flag>true</online-flag>
        <searchable-flag>true</searchable-flag>
        <page-attributes/>
        <custom-attributes>
            <custom-attribute attribute-id="body" xml:lang="x-default">&lt;div class="hero slant-down search-banner" style="background-image: url($Include('Cloudinary-GetContentImage', 'url', 'images/AboutUsBanner/aboutus.jpg', 'pageType', 'aboutUs', 'isUrl', true)$)"&gt;&#13;
    &lt;h1 class="header page-title"&gt;About Us&lt;/h1&gt;&#13;
&lt;/div&gt;&#13;
&lt;div class="container content-asset-container"&gt;&#13;
    &lt;h1 class="content-header"&gt;About Us&lt;/h1&gt;&#13;
    &lt;h2&gt;It all started with a series of observations:&lt;/h2&gt;&#13;
    &lt;ul&gt;&#13;
        &lt;li&gt;eCommerce merchandising and marketing innovation is what generates revenue, yet most operations are spending 80% of their budgets simply maintaining current infrastructure.&lt;/li&gt;&#13;
        &lt;li&gt;The pace of eCommerce accelerates daily, yet most operations are scrambling only to stand still.&lt;/li&gt;&#13;
        &lt;li&gt;Merchandisers and marketers are supremely frustrated, spending more time chasing outsourced providers and internal IT organizations than actually merchandising and marketing their own businesses.&lt;/li&gt;&#13;
    &lt;/ul&gt;&#13;
    &lt;h2&gt;There had to be a better way...&lt;/h2&gt;&#13;
    &lt;p&gt;So in 2004, we set out to find it. The vision&amp;mdash;then and now&amp;mdash;was clear: bring to market an enterprise-class eCommerce solution that would put more power and innovation in the hands of merchandisers and at the same time would remove the technical costs, risks and complexities of running an ecommerce operation. We took what we knew of great eCommerce merchandising (our founders have been in ecommerce since 1994) and applied to it the then-emerging advancements in Software-as-a-Service architectures and dynamic grid computing. Then we just worked hard. We stayed up late. We drank lots of coffee. And ultimately, in late 2005, we delivered the market&amp;rsquo;s first on-demand enterprise ecommerce platform.&lt;/p&gt;&#13;
    &lt;h2&gt;Our customers could not be happier with the results.&lt;/h2&gt;&#13;
    &lt;p&gt;With Salesforce eCommerce, they're spending more time leading with merchandising and marketing. They're in complete control of their site, making changes and launching new storefronts whenever they like. They're spending more time developing their own proprietary innovations (versus building commodity functionality). They receive new software upgrades from Salesforce continuously. And they never ever worry about site uptime, availability and security.&lt;/p&gt;&#13;
    &lt;p&gt;In short, they're free. Free to merchandise. Free to grow. Free to innovate. Free to change. Isn't that how eCommerce is supposed to be?&lt;/p&gt;&#13;
    &lt;p&gt;For more information please browse our &lt;a title="About Us Content" href="$url(Search-ShowContent,fdid,about-us)$"&gt;About Us&lt;/a&gt; and &lt;a title="About Us Content" href="$url(Search-ShowContent,fdid,customer-service)$"&gt;Customer Service&lt;/a&gt; pages.&lt;/p&gt;&#13;
&lt;/div&gt;</custom-attribute>
        </custom-attributes>
        <folder-links>
            <classification-link folder-id="about-us"/>
        </folder-links>
    </content>
	<content content-id="footer-about">
		<display-name xml:lang="x-default">Footer About Links</display-name>
		<online-flag>true</online-flag>
		<searchable-flag>false</searchable-flag>
		<custom-attributes>
		  <custom-attribute attribute-id="body" xml:lang="x-default">&lt;div&gt;&lt;button class=&quot;title btn text-left btn-block d-sm-none&quot; aria-expanded=&quot;false&quot; aria-controls=&quot;collapsible-about&quot;&gt;About&lt;/button&gt;&lt;h2 class=&quot;title d-none d-sm-block&quot;&gt;About&lt;/h2&gt;&lt;/div&gt;
			&lt;ul id=&quot;collapsible-about&quot;class=&quot;menu-footer content&quot;&gt;
			&lt;li&gt;&lt;a href=&quot;$url('Page-Show', 'cid', 'about-us')$&quot; title=&quot;Go to About Us&quot;&gt;About Us&lt;/a&gt;&lt;/li&gt;
			&lt;li&gt;&lt;a href=&quot;$url('Page-Show', 'cid', 'privacy-policy')$&quot; title=&quot;Go to Privacy&quot;&gt;Privacy&lt;/a&gt;&lt;/li&gt;
			&lt;li&gt;&lt;a href=&quot;$url('Page-Show', 'cid', 'terms')$&quot; title=&quot;Go to Terms&quot;&gt;Terms&lt;/a&gt;&lt;/li&gt;
			&lt;li&gt;&lt;a href=&quot;$url('Page-Show', 'cid', 'jobs-landing')$&quot; title=&quot;Go to Jobs&quot;&gt;Jobs&lt;/a&gt;&lt;/li&gt;
			&lt;li&gt;&lt;a href=&quot;$url('Test-Start')$&quot; title=&quot;Cloudinary Test Harnesses&quot;&gt;Cloudinary Test Harnesses&lt;/a&gt;&lt;/li&gt;
			&lt;/ul&gt;&lt;!-- END: footer_about --&gt;</custom-attribute>
		  </custom-attributes>
    </content>
</library>
